product_id,product_name,product_category,monthly_price,annual_price,cost_per_unit
1,Analytics Starter,Analytics,113.68,1193.64,20.13
2,Automation Pro,Automation,354.72,3724.56,74.72
3,Reporting Enterprise,Reporting,757.3,7951.65,186.93
4,Security Starter,Security,113.11,1187.65,25.13
5,Integrations Pro,Integrations,256.44,2692.62,45.79
6,Storage Enterprise,Storage,869.21,9126.7,209.03
7,Analytics Starter,Analytics,107.88,1132.74,24.48
8,Automation Pro,Automation,298.86,3138.03,44.69
9,Reporting Enterprise,Reporting,943.56,9907.38,121.06
10,Security Starter,Security,116.07,1218.73,23.46
11,Integrations Pro,Integrations,341.2,3582.6,56.67
12,Storage Enterprise,Storage,1111.9,11674.95,262.53
13,Analytics Starter,Analytics,113.88,1195.74,16.55
14,Automation Pro,Automation,302.0,3171.0,37.96
15,Reporting Enterprise,Reporting,781.62,8207.01,163.2
16,Security Starter,Security,112.38,1179.99,27.62
17,Integrations Pro,Integrations,283.04,2971.92,47.6
18,Storage Enterprise,Storage,909.16,9546.18,131.49
19,Analytics Starter,Analytics,84.99,892.39,15.45
20,Automation Pro,Automation,269.73,2832.16,55.85
21,Reporting Enterprise,Reporting,896.05,9408.52,204.52
22,Security Starter,Security,110.4,1159.2,17.73
23,Integrations Pro,Integrations,351.18,3687.39,78.88
24,Storage Enterprise,Storage,875.95,9197.48,137.95
25,Analytics Starter,Analytics,109.61,1150.9,15.14
26,Automation Pro,Automation,266.1,2794.05,32.19
27,Reporting Enterprise,Reporting,1037.55,10894.27,214.18
28,Security Starter,Security,110.62,1161.51,24.5
29,Integrations Pro,Integrations,300.95,3159.97,58.37
30,Storage Enterprise,Storage,775.75,8145.38,104.64
